INSERT INTO northwind."Clientes" VALUES (1, 'Compania A', 'Benito', 'Almudena', NULL, 'Propietario', '987 654 321', NULL, NULL, '987 654 321', 'Calle Primera, 123', 'Seattle', 'Madrid', '99999', 'España', NULL, NULL, NULL);
INSERT INTO northwind."Clientes" VALUES (2, 'Compania B', 'Bermejo', 'Antonio', NULL, 'Propietario', '987 654 321', NULL, NULL, '987 654 321', 'Calle Segunda, 123', 'Boston', 'MA', '99999', 'España', NULL, NULL, NULL);
INSERT INTO northwind."Clientes" VALUES (3, 'Compania C', 'López', 'Arturo', NULL, 'Representante de compras', '987 654 321', NULL, NULL, '987 654 321', 'Calle Tercera, 123', 'Los Ángeles', 'CA', '99999', 'España', NULL, NULL, NULL);
INSERT INTO northwind."Clientes" VALUES (5, 'Compania E', 'Gratacós Solsona', 'Antonio', NULL, 'Propietario', '987 654 321', NULL, NULL, '987 654 321', 'Calle Quinta, 123', 'Minneapolis', 'MN', '99999', 'España', NULL, NULL, NULL);
INSERT INTO northwind."Clientes" VALUES (6, 'Compania F', 'Pérez-Olaeta', 'Francisco', NULL, 'Jefe de compras', '987 654 321', NULL, NULL, '987 654 321', 'Calle Sexta, 123', 'Milwaukee', 'WI', '99999', 'España', NULL, NULL, NULL);
INSERT INTO northwind."Clientes" VALUES (7, 'Compania G', 'Sánchez Sánchez', 'Yolanda', NULL, 'Propietario', '987 654 321', NULL, NULL, '987 654 321', 'Calle Séptima, 123', 'Boise', 'ID', '99999', 'España', NULL, NULL, NULL);
INSERT INTO northwind."Clientes" VALUES (8, 'Compania H', 'Valdés', 'Rene', NULL, 'Representante de compras', '987 654 321', NULL, NULL, '987 654 321', 'Calle Octava, 123', 'Portland', 'OR', '99999', 'España', NULL, NULL, NULL);
INSERT INTO northwind."Clientes" VALUES (9, 'Compania I', 'Maldonado Guerra', 'Alfredo', NULL, 'Jefe de compras', '987 654 321', NULL, NULL, '987 654 321', 'Calle Novena, 123', 'Salt Lake City', 'UT', '99999', 'España', NULL, NULL, NULL);
INSERT INTO northwind."Clientes" VALUES (10, 'Compania J', 'Alverca', 'Luis', NULL, 'Jefe de compras', '987 654 321', NULL, NULL, '987 654 321', 'Calle Décima, 123', 'Chicago', 'IL', '99999', 'España', NULL, NULL, NULL);
INSERT INTO northwind."Clientes" VALUES (11, 'Compania K', 'Caro', 'Fernando', NULL, 'Jefe de compras', '987 654 321', NULL, NULL, '987 654 321', 'Calle Decimoprimera, 123', 'Miami', 'FL', '99999', 'España', NULL, NULL, NULL);
INSERT INTO northwind."Clientes" VALUES (14, 'Compania N', 'Estrada', 'Modesto', NULL, 'Representante de compras', '987 654 321', NULL, NULL, '987 654 321', 'Calle Decimocuarta, 123', 'Denver', 'CO', '99999', 'España', NULL, NULL, NULL);
INSERT INTO northwind."Clientes" VALUES (16, 'Compania P', 'López García', 'Avelino', NULL, 'Representante de compras', '987 654 321', NULL, NULL, '987 654 321', 'Calle Decimosexta, 123', 'San Francisco', 'CA', '99999', 'España', NULL, NULL, NULL);
INSERT INTO northwind."Clientes" VALUES (18, 'Compania R', 'García', 'Miguel Ángel', NULL, 'Representante de compras', '987 654 321', NULL, NULL, '987 654 321', 'Calle Decimoctava, 123', 'Boston', 'MA', '99999', 'España', NULL, NULL, NULL);
INSERT INTO northwind."Clientes" VALUES (19, 'Compania S', 'Hurtado', 'Begoña', NULL, 'Ayudante de contabilidad', '987 654 321', NULL, NULL, '987 654 321', 'Calle Decimonovena, 123', 'Los Ángeles', 'CA', '99999', 'España', NULL, NULL, NULL);
INSERT INTO northwind."Clientes" VALUES (20, 'Compania T', 'Castrejón', 'Francisco Javier', NULL, 'Jefe de compras', '987 654 321', NULL, NULL, '987 654 321', 'Calle Vigésima, 123', 'Nueva York', 'NY', '99999', 'España', NULL, NULL, NULL);
INSERT INTO northwind."Clientes" VALUES (21, 'Compania U', 'Junca', 'David', NULL, 'Jefe de contabilidad', '987 654 321', NULL, NULL, '987 654 321', 'Calle Vigesimoprimera, 123', 'Minneapolis', 'MN', '99999', 'España', NULL, NULL, NULL);
INSERT INTO northwind."Clientes" VALUES (22, 'Compania V', 'Ramos', 'Luciana', NULL, 'Ayudante de compras', '987 654 321', NULL, NULL, '987 654 321', 'Calle Vigesimosegunda, 123', 'Milwaukee', 'WI', '99999', 'España', NULL, NULL, NULL);
INSERT INTO northwind."Clientes" VALUES (23, 'Compania W', 'Lugo', 'José', NULL, 'Jefe de compras', '987 654 321', NULL, NULL, '987 654 321', 'Calle Vigesimotercera, 123', 'Portland', 'OR', '99999', 'España', NULL, NULL, NULL);
INSERT INTO northwind."Clientes" VALUES (24, 'Compania X', 'Machado', 'Manuel', NULL, 'Propietario', '987 654 321', NULL, NULL, '987 654 321', 'Calle Vigesimoprimera, 123', 'Salt Lake City', 'UT', '99999', 'España', NULL, NULL, NULL);
INSERT INTO northwind."Clientes" VALUES (25, 'Compania Y', 'Martínez', 'Sandra I.', NULL, 'Jefe de compras', '987 654 321', NULL, NULL, '987 654 321', 'Calle Vigesimoquinta, 123', 'Chicago', 'IL', '99999', 'España', NULL, NULL, NULL);
INSERT INTO northwind."Clientes" VALUES (26, 'Compania Z', 'Pinto', 'Armando', NULL, 'Ayudante de contabilidad', '987 654 321', NULL, NULL, '987 654 321', 'Calle Vigesimosexta, 123', 'Miami', 'FL', '99999', 'España', NULL, NULL, NULL);
INSERT INTO northwind."Clientes" VALUES (27, 'Compania AA', 'Potra', 'Cristina', NULL, 'Jefe de compras', '987 654 321', NULL, NULL, '987 654 321', 'Calle Vigesimoséptima, 123', 'Las Vegas', 'NV', '99999', 'España', NULL, NULL, NULL);
INSERT INTO northwind."Clientes" VALUES (28, 'Compania BB', 'Lacerda', 'Carlos', NULL, 'Jefe de compras', '987 654 321', NULL, NULL, '987 654 321', 'Calle Vigesimoséptima, 123', 'Memphis', 'TN', '99999', 'España', NULL, NULL, NULL);
INSERT INTO northwind."Clientes" VALUES (29, 'Compania CC', 'Saraiva', 'José', NULL, 'Jefe de compras', '987 654 321', NULL, NULL, '987 654 321', 'Calle Vigesimonovena, 123', 'Denver', 'CO', '99999', 'España', NULL, NULL, NULL);
INSERT INTO northwind."Clientes" VALUES (30, 'nueva compañía', 'sivila', 'jose', NULL, 'docente', '56565', NULL, '4545', '4545', 'calle 8', 'tarija', NULL, NULL, NULL, NULL, '<div>notas de jose</div>', NULL);
INSERT INTO northwind."Clientes" VALUES (31, 'UAJMS', 'PERALTA TARIFA', 'JOSE CARLOS', 'peralta@gmail.com', 'ESTUDIANTE', '59149143', NULL, '59167382875', NULL, 'CALLE TOPATER', 'TARIJA', 'CERCADO', '000', 'BOLIVIA', '#http://peralta.com.bo#', '<div>datos personales </div>', NULL);
INSERT INTO northwind."Clientes" VALUES (13, 'Compania M', 'Fuentes Espinosa', 'Alfredo', NULL, 'Representante de compras', '987 654 321', NULL, NULL, '987 654 321', 'Calle Decimotercera, 123', 'Memphis', 'TN', '99999', 'España', NULL, NULL, NULL);


--
-- TOC entry 4984 (class 0 OID 25153)
-- Dependencies: 234
-- Data for Name: Detalles de pedido; Type: TABLE DATA; Schema: northwind; Owner: postgres
--

INSERT INTO northwind."Detalles de pedido" VALUES (27, 30, 34, 100.0000, '14', 0, 2, NULL, 96, 83);
INSERT INTO northwind."Detalles de pedido" VALUES (28, 30, 80, 30.0000, '4', 0, 2, NULL, NULL, 63);
INSERT INTO northwind."Detalles de pedido" VALUES (29, 31, 7, 10.0000, '30', 0, 2, NULL, NULL, 64);
INSERT INTO northwind."Detalles de pedido" VALUES (30, 31, 51, 10.0000, '53', 0, 2, NULL, NULL, 65);
INSERT INTO northwind."Detalles de pedido" VALUES (31, 31, 80, 10.0000, '4', 0, 2, NULL, NULL, 66);
INSERT INTO northwind."Detalles de pedido" VALUES (32, 32, 1, 15.0000, '18', 0, 2, NULL, NULL, 67);
INSERT INTO northwind."Detalles de pedido" VALUES (33, 32, 43, 20.0000, '46', 0, 2, NULL, NULL, 68);
INSERT INTO northwind."Detalles de pedido" VALUES (34, 33, 19, 30.0000, '9', 0, 2, NULL, 97, 81);
INSERT INTO northwind."Detalles de pedido" VALUES (35, 34, 19, 20.0000, '9', 0, 2, NULL, NULL, 69);
INSERT INTO northwind."Detalles de pedido" VALUES (36, 35, 48, 10.0000, '13', 0, 2, NULL, NULL, 70);
INSERT INTO northwind."Detalles de pedido" VALUES (37, 36, 41, 200.0000, '10', 0, 2, NULL, 98, 79);
INSERT INTO northwind."Detalles de pedido" VALUES (38, 37, 8, 17.0000, '40', 0, 2, NULL, NULL, 71);
INSERT INTO northwind."Detalles de pedido" VALUES (39, 38, 43, 300.0000, '46', 0, 2, NULL, 99, 77);
INSERT INTO northwind."Detalles de pedido" VALUES (40, 39, 48, 100.0000, '13', 0, 2, NULL, 100, 75);
INSERT INTO northwind."Detalles de pedido" VALUES (41, 40, 81, 200.0000, '3', 0, 2, NULL, 101, 73);
INSERT INTO northwind."Detalles de pedido" VALUES (42, 41, 43, 300.0000, '46', 0, 1, NULL, 102, 104);
INSERT INTO northwind."Detalles de pedido" VALUES (43, 42, 6, 10.0000, '25', 0, 2, NULL, NULL, 84);
INSERT INTO northwind."Detalles de pedido" VALUES (44, 42, 4, 10.0000, '22', 0, 2, NULL, NULL, 85);
INSERT INTO northwind."Detalles de pedido" VALUES (45, 42, 19, 10.0000, '9', 0, 2, NULL, 103, 110);
INSERT INTO northwind."Detalles de pedido" VALUES (46, 43, 80, 20.0000, '4', 0, 1, NULL, NULL, 86);
INSERT INTO northwind."Detalles de pedido" VALUES (47, 43, 81, 50.0000, '3', 0, 1, NULL, NULL, 87);
INSERT INTO northwind."Detalles de pedido" VALUES (48, 44, 1, 25.0000, '18', 0, 1, NULL, NULL, 88);
INSERT INTO northwind."Detalles de pedido" VALUES (49, 44, 43, 25.0000, '46', 0, 1, NULL, NULL, 89);
INSERT INTO northwind."Detalles de pedido" VALUES (50, 44, 81, 25.0000, '3', 0, 1, NULL, NULL, 90);
INSERT INTO northwind."Detalles de pedido" VALUES (51, 45, 41, 50.0000, '10', 0, 2, NULL, 104, 116);
INSERT INTO northwind."Detalles de pedido" VALUES (52, 45, 40, 50.0000, '18', 0, 2, NULL, NULL, 91);
INSERT INTO northwind."Detalles de pedido" VALUES (53, 46, 57, 100.0000, '20', 0, 2, NULL, 105, 101);
INSERT INTO northwind."Detalles de pedido" VALUES (54, 46, 72, 50.0000, '35', 0, 2, NULL, 106, 114);
INSERT INTO northwind."Detalles de pedido" VALUES (55, 47, 34, 300.0000, '14', 0, 2, NULL, 107, 108);
INSERT INTO northwind."Detalles de pedido" VALUES (56, 48, 8, 25.0000, '40', 0, 2, NULL, 108, 106);
INSERT INTO northwind."Detalles de pedido" VALUES (57, 48, 19, 25.0000, '9', 0, 2, NULL, 109, 112);
INSERT INTO northwind."Detalles de pedido" VALUES (59, 50, 21, 20.0000, '10', 0, 2, NULL, NULL, 92);
INSERT INTO northwind."Detalles de pedido" VALUES (60, 51, 5, 25.0000, '21', 0, 2, NULL, NULL, 93);
INSERT INTO northwind."Detalles de pedido" VALUES (61, 51, 41, 30.0000, '10', 0, 2, NULL, NULL, 94);
INSERT INTO northwind."Detalles de pedido" VALUES (62, 51, 40, 30.0000, '18', 0, 2, NULL, NULL, 95);
INSERT INTO northwind."Detalles de pedido" VALUES (66, 56, 48, 10.0000, '13', 0, 2, NULL, 111, 99);
INSERT INTO northwind."Detalles de pedido" VALUES (67, 55, 34, 87.0000, '14', 0, 2, NULL, NULL, 117);
INSERT INTO northwind."Detalles de pedido" VALUES (68, 79, 7, 30.0000, '30', 0, 2, NULL, NULL, 119);
INSERT INTO northwind."Detalles de pedido" VALUES (69, 79, 51, 30.0000, '53', 0, 2, NULL, NULL, 118);
INSERT INTO northwind."Detalles de pedido" VALUES (70, 78, 17, 40.0000, '39', 0, 2, NULL, NULL, 120);
INSERT INTO northwind."Detalles de pedido" VALUES (71, 77, 6, 90.0000, '25', 0, 2, NULL, NULL, 121);
INSERT INTO northwind."Detalles de pedido" VALUES (72, 76, 4, 30.0000, '22', 0, 2, NULL, NULL, 122);
INSERT INTO northwind."Detalles de pedido" VALUES (73, 75, 48, 40.0000, '13', 0, 2, NULL, NULL, 123);
INSERT INTO northwind."Detalles de pedido" VALUES (74, 74, 48, 40.0000, '13', 0, 2, NULL, NULL, 124);
INSERT INTO northwind."Detalles de pedido" VALUES (75, 73, 41, 10.0000, '10', 0, 2, NULL, NULL, 125);
INSERT INTO northwind."Detalles de pedido" VALUES (76, 72, 43, 5.0000, '46', 0, 2, NULL, NULL, 126);
INSERT INTO northwind."Detalles de pedido" VALUES (77, 71, 40, 40.0000, '18', 0, 2, NULL, NULL, 127);
INSERT INTO northwind."Detalles de pedido" VALUES (78, 70, 8, 20.0000, '40', 0, 2, NULL, NULL, 128);
INSERT INTO northwind."Detalles de pedido" VALUES (79, 69, 80, 15.0000, '4', 0, 2, NULL, NULL, 129);
INSERT INTO northwind."Detalles de pedido" VALUES (80, 67, 74, 20.0000, '10', 0, 2, NULL, NULL, 130);
INSERT INTO northwind."Detalles de pedido" VALUES (81, 60, 72, 40.0000, '35', 0, 2, NULL, NULL, 131);
INSERT INTO northwind."Detalles de pedido" VALUES (82, 63, 3, 50.0000, '10', 0, 2, NULL, NULL, 132);
INSERT INTO northwind."Detalles de pedido" VALUES (83, 63, 8, 3.0000, '40', 0, 2, NULL, NULL, 133);
INSERT INTO northwind."Detalles de pedido" VALUES (84, 58, 20, 40.0000, '81', 0, 2, NULL, NULL, 134);
INSERT INTO northwind."Detalles de pedido" VALUES (85, 58, 52, 40.0000, '7', 0, 2, NULL, NULL, 135);
INSERT INTO northwind."Detalles de pedido" VALUES (86, 80, 56, 10.0000, '38', 0, 1, NULL, NULL, 136);
INSERT INTO northwind."Detalles de pedido" VALUES (90, 81, 81, 0.0000, '3', 0, 5, NULL, NULL, NULL);
INSERT INTO northwind."Detalles de pedido" VALUES (91, 81, 56, 0.0000, '38', 0, 0, NULL, NULL, NULL);


--
-- TOC entry 4985 (class 0 OID 25156)
-- Dependencies: 235
-- Data for Name: Estado de detalles de pedidos; Type: TABLE DATA; Schema: northwind; Owner: postgres
--

INSERT INTO northwind."Estado de detalles de pedidos" VALUES (0, 'Ninguno');
INSERT INTO northwind."Estado de detalles de pedidos" VALUES (1, 'Asignado');
INSERT INTO northwind."Estado de detalles de pedidos" VALUES (2, 'Facturado');
INSERT INTO northwind."Estado de detalles de pedidos" VALUES (3, 'Enviado');
INSERT INTO northwind."Estado de detalles de pedidos" VALUES (4, 'En pedido');
INSERT INTO northwind."Estado de detalles de pedidos" VALUES (5, 'Sin existencias');


--
-- TOC entry 4987 (class 0 OID 25178)
-- Dependencies: 240
-- Data for Name: Estado de pedidos; Type: TABLE DATA; Schema: northwind; Owner: postgres
--

INSERT INTO northwind."Estado de pedidos" VALUES (0, 'Nuevo');
INSERT INTO northwind."Estado de pedidos" VALUES (1, 'Facturado');
INSERT INTO northwind."Estado de pedidos" VALUES (2, 'Enviado');
INSERT INTO northwind."Estado de pedidos" VALUES (3, 'Cerrado');


--
-- TOC entry 4986 (class 0 OID 25164)
-- Dependencies: 237
-- Data for Name: Pedidos; Type: TABLE DATA; Schema: northwind; Owner: postgres
--

INSERT INTO northwind."Pedidos" VALUES (30, 9, 27, '2006-01-15 00:00:00-04', '2006-01-22 00:00:00-04', 2, 'Karen Toh', 'Calle Vigesimoséptima, 123', 'Las Vegas', 'NV', '99999', 'España', 200, 0, 'Cheque', '2006-01-15 00:00:00-04', NULL, 0, NULL, 3);
INSERT INTO northwind."Pedidos" VALUES (31, 3, 4, '2006-01-20 00:00:00-04', '2006-01-22 00:00:00-04', 1, 'Christina Lee', 'Calle Cuarta, 123', 'Nueva York', 'NY', '99999', 'España', 5, 0, 'Tarjeta de crédito', '2006-01-20 00:00:00-04', NULL, 0, NULL, 3);
INSERT INTO northwind."Pedidos" VALUES (32, 4, 12, '2006-01-22 00:00:00-04', '2006-01-22 00:00:00-04', 2, 'John Edwards', 'Calle Decimosegunda, 123', 'Las Vegas', 'NV', '99999', 'España', 5, 0, 'Tarjeta de crédito', '2006-01-22 00:00:00-04', NULL, 0, NULL, 3);
INSERT INTO northwind."Pedidos" VALUES (33, 6, 8, '2006-01-30 00:00:00-04', '2006-01-31 00:00:00-04', 3, 'Elizabeth Andersen', 'Calle Octava, 123', 'Portland', 'OR', '99999', 'España', 50, 0, 'Tarjeta de crédito', '2006-01-30 00:00:00-04', NULL, 0, NULL, 3);
INSERT INTO northwind."Pedidos" VALUES (34, 9, 4, '2006-02-06 00:00:00-04', '2006-02-07 00:00:00-04', 3, 'Christina Lee', 'Calle Cuarta, 123', 'Nueva York', 'NY', '99999', 'España', 4, 0, 'Cheque', '2006-02-06 00:00:00-04', NULL, 0, NULL, 3);
INSERT INTO northwind."Pedidos" VALUES (35, 3, 29, '2006-02-10 00:00:00-04', '2006-02-12 00:00:00-04', 2, 'Soo Jung Lee', 'Calle Vigesimonovena, 123', 'Denver', 'CO', '99999', 'España', 7, 0, 'Cheque', '2006-02-10 00:00:00-04', NULL, 0, NULL, 3);
INSERT INTO northwind."Pedidos" VALUES (36, 4, 3, '2006-02-23 00:00:00-04', '2006-02-25 00:00:00-04', 2, 'Thomas Axen', 'Calle Tercera, 123', 'Los Ángeles', 'CA', '99999', 'España', 7, 0, 'Efectivo', '2006-02-23 00:00:00-04', NULL, 0, NULL, 3);
INSERT INTO northwind."Pedidos" VALUES (37, 8, 6, '2006-03-06 00:00:00-04', '2006-03-09 00:00:00-04', 2, 'Francisco Pérez-Olaeta', 'Calle Sexta, 123', 'Milwaukee', 'WI', '99999', 'España', 12, 0, 'Tarjeta de crédito', '2006-03-06 00:00:00-04', NULL, 0, NULL, 3);
INSERT INTO northwind."Pedidos" VALUES (38, 9, 28, '2006-03-10 00:00:00-04', '2006-03-11 00:00:00-04', 3, 'Amritansh Raghav', 'Calle Vigesimoséptima, 123', 'Memphis', 'TN', '99999', 'España', 10, 0, 'Cheque', '2006-03-10 00:00:00-04', NULL, 0, NULL, 3);
INSERT INTO northwind."Pedidos" VALUES (39, 3, 8, '2006-03-22 00:00:00-04', '2006-03-24 00:00:00-04', 3, 'Elizabeth Andersen', 'Calle Octava, 123', 'Portland', 'OR', '99999', 'España', 5, 0, 'Cheque', '2006-03-22 00:00:00-04', NULL, 0, NULL, 3);
INSERT INTO northwind."Pedidos" VALUES (40, 4, 10, '2006-03-24 00:00:00-04', '2006-03-24 00:00:00-04', 2, 'Roland Wacker', 'Calle Décima, 123', 'Chicago', 'IL', '99999', 'España', 9, 0, 'Tarjeta de crédito', '2006-03-24 00:00:00-04', NULL, 0, NULL, 3);
INSERT INTO northwind."Pedidos" VALUES (41, 1, 7, '2006-03-24 00:00:00-04', NULL, NULL, 'Ming-Yang Xie', 'Calle Séptima, 123', 'Boise', 'ID', '99999', 'España', 0, 0, NULL, NULL, NULL, 0, NULL, 0);
INSERT INTO northwind."Pedidos" VALUES (42, 1, 10, '2006-03-24 00:00:00-04', '2006-04-07 00:00:00-04', 1, 'Roland Wacker', 'Calle Décima, 123', 'Chicago', 'IL', '99999', 'España', 0, 0, NULL, NULL, NULL, 0, NULL, 2);
INSERT INTO northwind."Pedidos" VALUES (43, 1, 11, '2006-03-24 00:00:00-04', NULL, 3, 'Peter Krschne', 'Calle Decimoprimera, 123', 'Miami', 'FL', '99999', 'España', 0, 0, NULL, NULL, NULL, 0, NULL, 0);
INSERT INTO northwind."Pedidos" VALUES (44, 1, 1, '2006-03-24 00:00:00-04', NULL, NULL, 'Anna Bedecs', 'Calle Primera, 123', 'Seattle', 'Madrid', '99999', 'España', 0, 0, NULL, NULL, NULL, 0, NULL, 0);
INSERT INTO northwind."Pedidos" VALUES (45, 1, 28, '2006-04-07 00:00:00-04', '2006-04-07 00:00:00-04', 3, 'Amritansh Raghav', 'Calle Vigesimoséptima, 123', 'Memphis', 'TN', '99999', 'España', 40, 0, 'Tarjeta de crédito', '2006-04-07 00:00:00-04', NULL, 0, NULL, 3);
INSERT INTO northwind."Pedidos" VALUES (46, 7, 9, '2006-04-05 00:00:00-04', '2006-04-05 00:00:00-04', 1, 'Sven Mortensen', 'Calle Novena, 123', 'Salt Lake City', 'UT', '99999', 'España', 100, 0, 'Cheque', '2006-04-05 00:00:00-04', NULL, 0, NULL, 3);
INSERT INTO northwind."Pedidos" VALUES (47, 6, 6, '2006-04-08 00:00:00-04', '2006-04-08 00:00:00-04', 2, 'Francisco Pérez-Olaeta', 'Calle Sexta, 123', 'Milwaukee', 'WI', '99999', 'España', 300, 0, 'Tarjeta de crédito', '2006-04-08 00:00:00-04', NULL, 0, NULL, 3);
INSERT INTO northwind."Pedidos" VALUES (48, 4, 8, '2006-04-05 00:00:00-04', '2006-04-05 00:00:00-04', 2, 'Elizabeth Andersen', 'Calle Octava, 123', 'Portland', 'OR', '99999', 'España', 50, 0, 'Cheque', '2006-04-05 00:00:00-04', NULL, 0, NULL, 3);
INSERT INTO northwind."Pedidos" VALUES (50, 9, 25, '2006-04-05 00:00:00-04', '2006-04-05 00:00:00-04', 1, 'John Rodman', 'Calle Vigesimoquinta, 123', 'Chicago', 'IL', '99999', 'España', 5, 0, 'Efectivo', '2006-04-05 00:00:00-04', NULL, 0, NULL, 3);
INSERT INTO northwind."Pedidos" VALUES (51, 9, 26, '2006-04-05 00:00:00-04', '2006-04-05 00:00:00-04', 3, 'Run Liu', 'Calle Vigesimosexta, 123', 'Miami', 'FL', '99999', 'España', 60, 0, 'Tarjeta de crédito', '2006-04-05 00:00:00-04', NULL, 0, NULL, 3);
INSERT INTO northwind."Pedidos" VALUES (55, 1, 29, '2006-04-05 00:00:00-04', '2006-04-05 00:00:00-04', 2, 'Soo Jung Lee', 'Calle Vigesimonovena, 123', 'Denver', 'CO', '99999', 'España', 200, 0, 'Cheque', '2006-04-05 00:00:00-04', NULL, 0, NULL, 3);
INSERT INTO northwind."Pedidos" VALUES (56, 2, 6, '2006-04-03 00:00:00-04', '2006-04-03 00:00:00-04', 3, 'Francisco Pérez-Olaeta', 'Calle Sexta, 123', 'Milwaukee', 'WI', '99999', 'España', 0, 0, 'Cheque', '2006-04-03 00:00:00-04', NULL, 0, NULL, 3);
INSERT INTO northwind."Pedidos" VALUES (57, 9, 27, '2006-04-22 00:00:00-04', '2006-04-22 00:00:00-04', 2, 'Karen Toh', 'Calle Vigesimoséptima, 123', 'Las Vegas', 'NV', '99999', 'España', 200, 0, 'Cheque', '2006-04-22 00:00:00-04', NULL, 0, NULL, 0);
INSERT INTO northwind."Pedidos" VALUES (58, 3, 4, '2006-04-22 00:00:00-04', '2006-04-22 00:00:00-04', 1, 'Christina Lee', 'Calle Cuarta, 123', 'Nueva York', 'NY', '99999', 'España', 5, 0, 'Tarjeta de crédito', '2006-04-22 00:00:00-04', NULL, 0, NULL, 3);
INSERT INTO northwind."Pedidos" VALUES (59, 4, 12, '2006-04-22 00:00:00-04', '2006-04-22 00:00:00-04', 2, 'John Edwards', 'Calle Decimosegunda, 123', 'Las Vegas', 'NV', '99999', 'España', 5, 0, 'Tarjeta de crédito', '2006-04-22 00:00:00-04', NULL, 0, NULL, 0);
INSERT INTO northwind."Pedidos" VALUES (60, 6, 8, '2006-04-30 00:00:00-04', '2006-04-30 00:00:00-04', 3, 'Elizabeth Andersen', 'Calle Octava, 123', 'Portland', 'OR', '99999', 'España', 50, 0, 'Tarjeta de crédito', '2006-04-30 00:00:00-04', NULL, 0, NULL, 3);
INSERT INTO northwind."Pedidos" VALUES (61, 9, 4, '2006-04-07 00:00:00-04', '2006-04-07 00:00:00-04', 3, 'Christina Lee', 'Calle Cuarta, 123', 'Nueva York', 'NY', '99999', 'España', 4, 0, 'Cheque', '2006-04-07 00:00:00-04', NULL, 0, NULL, 0);
INSERT INTO northwind."Pedidos" VALUES (62, 3, 29, '2006-04-12 00:00:00-04', '2006-04-12 00:00:00-04', 2, 'Soo Jung Lee', 'Calle Vigesimonovena, 123', 'Denver', 'CO', '99999', 'España', 7, 0, 'Cheque', '2006-04-12 00:00:00-04', NULL, 0, NULL, 0);
INSERT INTO northwind."Pedidos" VALUES (63, 4, 3, '2006-04-25 00:00:00-04', '2006-04-25 00:00:00-04', 2, 'Thomas Axen', 'Calle Tercera, 123', 'Los Ángeles', 'CA', '99999', 'España', 7, 0, 'Efectivo', '2006-04-25 00:00:00-04', NULL, 0, NULL, 3);
INSERT INTO northwind."Pedidos" VALUES (64, 8, 6, '2006-05-09 00:00:00-04', '2006-05-09 00:00:00-04', 2, 'Francisco Pérez-Olaeta', 'Calle Sexta, 123', 'Milwaukee', 'WI', '99999', 'España', 12, 0, 'Tarjeta de crédito', '2006-05-09 00:00:00-04', NULL, 0, NULL, 0);
INSERT INTO northwind."Pedidos" VALUES (65, 9, 28, '2006-05-11 00:00:00-04', '2006-05-11 00:00:00-04', 3, 'Amritansh Raghav', 'Calle Vigesimoséptima, 123', 'Memphis', 'TN', '99999', 'España', 10, 0, 'Cheque', '2006-05-11 00:00:00-04', NULL, 0, NULL, 0);
INSERT INTO northwind."Pedidos" VALUES (66, 3, 8, '2006-05-24 00:00:00-04', '2006-05-24 00:00:00-04', 3, 'Elizabeth Andersen', 'Calle Octava, 123', 'Portland', 'OR', '99999', 'España', 5, 0, 'Cheque', '2006-05-24 00:00:00-04', NULL, 0, NULL, 0);
INSERT INTO northwind."Pedidos" VALUES (67, 4, 10, '2006-05-24 00:00:00-04', '2006-05-24 00:00:00-04', 2, 'Roland Wacker', 'Calle Décima, 123', 'Chicago', 'IL', '99999', 'España', 9, 0, 'Tarjeta de crédito', '2006-05-24 00:00:00-04', NULL, 0, NULL, 3);
INSERT INTO northwind."Pedidos" VALUES (68, 1, 7, '2006-05-24 00:00:00-04', NULL, NULL, 'Ming-Yang Xie', 'Calle Séptima, 123', 'Boise', 'ID', '99999', 'España', 0, 0, NULL, NULL, NULL, 0, NULL, 0);
INSERT INTO northwind."Pedidos" VALUES (69, 1, 21, '2006-05-24 00:00:00-04', NULL, 1, 'David Junca', 'Calle Vigesimoprimera, 123', 'Minneapolis', 'MN', '99999', 'España', 0, 0, NULL, NULL, NULL, 0, NULL, 0);
INSERT INTO northwind."Pedidos" VALUES (70, 1, 11, '2006-05-24 00:00:00-04', NULL, 3, 'Peter Krschne', 'Calle Decimoprimera, 123', 'Miami', 'FL', '99999', 'España', 0, 0, NULL, NULL, NULL, 0, NULL, 0);
INSERT INTO northwind."Pedidos" VALUES (71, 1, 1, '2006-05-24 00:00:00-04', NULL, 3, 'Anna Bedecs', 'Calle Primera, 123', 'Seattle', 'Madrid', '99999', 'España', 0, 0, NULL, NULL, NULL, 0, NULL, 0);
INSERT INTO northwind."Pedidos" VALUES (72, 1, 28, '2006-06-07 00:00:00-04', '2006-06-07 00:00:00-04', 3, 'Amritansh Raghav', 'Calle Vigesimoséptima, 123', 'Memphis', 'TN', '99999', 'España', 40, 0, 'Tarjeta de crédito', '2006-06-07 00:00:00-04', NULL, 0, NULL, 3);
INSERT INTO northwind."Pedidos" VALUES (73, 7, 9, '2006-06-05 00:00:00-04', '2006-06-05 00:00:00-04', 1, 'Sven Mortensen', 'Calle Novena, 123', 'Salt Lake City', 'UT', '99999', 'España', 100, 0, 'Cheque', '2006-06-05 00:00:00-04', NULL, 0, NULL, 3);
INSERT INTO northwind."Pedidos" VALUES (74, 6, 6, '2006-06-08 00:00:00-04', '2006-06-08 00:00:00-04', 2, 'Francisco Pérez-Olaeta', 'Calle Sexta, 123', 'Milwaukee', 'WI', '99999', 'España', 300, 0, 'Tarjeta de crédito', '2006-06-08 00:00:00-04', NULL, 0, NULL, 3);
INSERT INTO northwind."Pedidos" VALUES (75, 4, 8, '2006-06-05 00:00:00-04', '2006-06-05 00:00:00-04', 2, 'Elizabeth Andersen', 'Calle Octava, 123', 'Portland', 'OR', '99999', 'España', 50, 0, 'Cheque', '2006-06-05 00:00:00-04', NULL, 0, NULL, 3);
INSERT INTO northwind."Pedidos" VALUES (76, 9, 25, '2006-06-05 00:00:00-04', '2006-06-05 00:00:00-04', 1, 'John Rodman', 'Calle Vigesimoquinta, 123', 'Chicago', 'IL', '99999', 'España', 5, 0, 'Efectivo', '2006-06-05 00:00:00-04', NULL, 0, NULL, 3);
INSERT INTO northwind."Pedidos" VALUES (77, 9, 26, '2006-06-05 00:00:00-04', '2006-06-05 00:00:00-04', 3, 'Run Liu', 'Calle Vigesimosexta, 123', 'Miami', 'FL', '99999', 'España', 60, 0, 'Tarjeta de crédito', '2006-06-05 00:00:00-04', NULL, 0, NULL, 3);
INSERT INTO northwind."Pedidos" VALUES (78, 1, 29, '2006-06-05 00:00:00-04', '2006-06-05 00:00:00-04', 2, 'Soo Jung Lee', 'Calle Vigesimonovena, 123', 'Denver', 'CO', '99999', 'España', 200, 0, 'Cheque', '2006-06-05 00:00:00-04', NULL, 0, NULL, 3);
INSERT INTO northwind."Pedidos" VALUES (79, 2, 6, '2006-06-23 00:00:00-04', '2006-06-23 00:00:00-04', 3, 'Francisco Pérez-Olaeta', 'Calle Sexta, 123', 'Milwaukee', 'WI', '99999', 'España', 0, 0, 'Cheque', '2006-06-23 00:00:00-04', NULL, 0, NULL, 3);
INSERT INTO northwind."Pedidos" VALUES (80, 2, 4, '2006-04-25 17:03:55-04', NULL, NULL, 'Christina Lee', 'Calle Cuarta, 123', 'Nueva York', 'NY', '99999', 'España', 0, 0, NULL, NULL, NULL, 0, NULL, 0);
INSERT INTO northwind."Pedidos" VALUES (81, 2, 3, '2006-04-25 17:26:53-04', NULL, NULL, 'Thomas Axen', 'Calle Tercera, 123', 'Los Ángeles', 'CA', '99999', 'España', 0, 0, NULL, NULL, NULL, 0, NULL, 0);

--- PUBLIC ---
INSERT INTO public.sys_log VALUES (2402, '1', 'taller1.grupo.vueadmin.system.controller.SysUserController.queryUserTable()', '{taller1.grupo.vueadmin.system.entity.dto.QueryDto@5b63a7a1  }', 151, '192.168.3.112', 'admin', NULL, '2024-09-09 13:17:38.022505', 'Consultar lista de usuarios');
INSERT INTO public.sys_log VALUES (2823, '1', 'taller1.grupo.vueadmin.system.controller.SysMenuController.getPermission()', '{ }', 72, '192.168.3.112', 'admin', NULL, '2024-09-13 01:57:04.245782', 'Obtener lista de permisos');
INSERT INTO public.sys_log VALUES (3012, '1', 'taller1.grupo.vueadmin.system.controller.SysMenuController.getMenuTable()', '{  }', 51, '192.168.174.7', 'admin', NULL, '2024-09-16 02:04:19.045757', 'Obtener lista de menú');
INSERT INTO public.sys_log VALUES (3122, '1', 'taller1.grupo.vueadmin.system.controller.SysMenuController.getPermission()', '{ }', 313, '192.168.3.112', 'admin', NULL, '2024-09-17 15:58:36.200716', 'Obtener lista de permisos');
INSERT INTO public.sys_log VALUES (3293, '1', 'taller1.grupo.vueadmin.system.controller.LoginController.login()', '{taller1.grupo.vueadmin.system.entity.dto.UserDto@106c888 SecurityContextHolderAwareRequestWrapper[ org.springframework.security.web.header.HeaderWriterFilter$HeaderWriterRequest@1d0c2b2c]  }', 154, '192.168.3.112', 'admin', NULL, '2024-09-17 18:22:03.037279', 'Inicio de sesión de usuario');
INSERT INTO public.sys_log VALUES (3295, '1', 'taller1.grupo.vueadmin.system.controller.SysMenuController.getMenuTree()', '{ }', 111, '192.168.3.112', 'admin', NULL, '2024-09-17 18:22:03.435309', 'Obtener árbol de menú');
INSERT INTO public.sys_log VALUES (3296, '1', 'taller1.grupo.vueadmin.system.controller.ClientesController.getClientesList()', '{  }', 33, '192.168.3.112', 'admin', NULL, '2024-09-17 18:22:06.416249', 'Obtener lista de clientes');
INSERT INTO public.sys_log VALUES (3297, '1', 'taller1.grupo.vueadmin.system.controller.ClientesController.getClientesList()', '{  }', 36, '192.168.3.112', 'admin', NULL, '2024-09-17 18:22:06.621617', 'Obtener lista de clientes');
INSERT INTO public.sys_log VALUES (3299, '1', 'taller1.grupo.vueadmin.system.controller.SysMenuController.getMenuTree()', '{ }', 48, '192.168.3.112', 'admin', NULL, '2024-09-17 18:22:38.830147', 'Obtener árbol de menú');
INSERT INTO public.sys_log VALUES (3301, '1', 'taller1.grupo.vueadmin.system.controller.SysMenuController.getPermission()', '{ }', 40, '192.168.3.112', 'admin', NULL, '2024-09-17 18:24:07.877065', 'Obtener lista de permisos');


--
-- TOC entry 4990 (class 0 OID 25201)
-- Dependencies: 246
-- Data for Name: sys_menu; Type: TABLE DATA; Schema: public; Owner: postgres
--

INSERT INTO public.sys_menu VALUES (17, 'Inicio de Sesion', 11, '/log', '2', 1, '2021-11-23 09:32:38', '2022-11-10 21:33:05', 'log/index', NULL, 'iconfont icon-rizhi');
INSERT INTO public.sys_menu VALUES (20, 'Nuevo Usuario', 2, '/sys/user/edit', '3', 1, '2022-01-19 21:57:32', '2022-01-19 22:03:54', '/sys/user/edit', 'user:add', NULL);
INSERT INTO public.sys_menu VALUES (21, 'Modificacion de Usuario', 2, '/sys/user/edit', '3', 2, '2022-01-19 22:04:41', NULL, '/sys/user/edit', 'user:edit', NULL);
INSERT INTO public.sys_menu VALUES (22, 'Eliminacion de Usuario', 2, '/sys/user/del', '3', 3, '2022-01-19 22:05:17', NULL, '/sys/user/del', 'user:del', NULL);
INSERT INTO public.sys_menu VALUES (23, 'Menu nuevo', 3, '/sys/menu/edit', '3', 1, '2022-01-19 22:06:31', '2022-01-19 22:07:31', '/sys/menu/edit', 'menu:add', NULL);
INSERT INTO public.sys_menu VALUES (24, 'Modificacion de Menu', 3, '/sys/menu/edit', '3', 2, '2022-01-19 22:06:53', NULL, '/sys/menu/edit', 'menu:edit', NULL);
INSERT INTO public.sys_menu VALUES (25, 'Eliminacion de Menu', 3, '/sys/menu/del', '3', 3, '2022-01-19 22:07:20', '2022-01-19 22:07:40', '/sys/menu/del', 'menu:del', NULL);
INSERT INTO public.sys_menu VALUES (26, 'Nuevo Rol', 12, '/sys/role/edit', '3', 1, '2022-01-19 22:08:29', NULL, '/sys/role/edit', 'role:add', NULL);
INSERT INTO public.sys_menu VALUES (27, 'Modificacion de Roles', 12, '/sys/role/edit', '3', 2, '2022-01-19 22:09:06', NULL, '/sys/role/edit', 'role:edit', NULL);
INSERT INTO public.sys_menu VALUES (28, 'Autorizacion de Rol', 12, 'sys/role/menu/edit', '3', 3, '2022-01-19 22:11:13', '2022-01-19 22:11:22', 'sys/role/menu/edit', 'role:authorize', NULL);
INSERT INTO public.sys_menu VALUES (29, 'Eliminacion de Roles', 12, '/sys/role/del', '3', 4, '2022-01-19 22:11:52', NULL, '/sys/role/del', 'role:del', NULL);
INSERT INTO public.sys_menu VALUES (31, 'Lista de Menu', 3, '/sys/menu/table', '3', 4, '2022-01-20 22:36:59', NULL, '/sys/menu/table', 'menu:list', NULL);
INSERT INTO public.sys_menu VALUES (32, 'Lista de Roles', 12, '/sys/role/table', '3', 5, '2022-01-20 22:40:43', '2022-01-20 22:40:52', '/sys/role/table', 'role:list', NULL);
INSERT INTO public.sys_menu VALUES (34, 'Menu Izquierdo', 33, 'sys/menu/tree', '3', 1, '2022-01-20 23:18:03', '2022-01-20 23:20:35', 'sys/menu/tree', 'menu:tree', NULL);
INSERT INTO public.sys_menu VALUES (36, 'Iniciar y Detener Usuarios', 2, '/sys/user/enabled', '3', 5, '2022-10-06 12:22:58', NULL, NULL, 'user:enabled', NULL);
INSERT INTO public.sys_menu VALUES (1, 'GSistema', 0, NULL, '1', 1, NULL, '2022-10-11 23:00:32', NULL, NULL, 'iconfont icon-setting');
INSERT INTO public.sys_menu VALUES (2, 'GUsuarios', 1, '/user', '2', 1, NULL, '2022-10-11 22:39:19', 'user/index', NULL, 'iconfont icon-yonghuguanli_huaban');
INSERT INTO public.sys_menu VALUES (3, 'GMenus', 1, '/menu', '2', 2, '2021-08-18 21:26:01', '2022-10-11 22:39:28', 'menu/index', NULL, 'iconfont icon-caidan');
INSERT INTO public.sys_menu VALUES (11, 'GRegistros', 0, NULL, '1', 3, '2021-08-23 22:00:33', '2022-10-11 21:27:21', NULL, NULL, 'iconfont icon-rizhi');
INSERT INTO public.sys_menu VALUES (12, 'GRoles', 1, '/role', '2', 3, '2021-08-24 20:46:39', '2022-10-11 22:39:33', 'role/index', NULL, 'iconfont icon-jiaoseguanli');
INSERT INTO public.sys_menu VALUES (30, 'Lista de Usuarios', 2, '/sys/user/table', '3', 4, '2022-01-20 22:35:59', '2024-09-05 18:55:34.11139', '/sys/user/table', 'user:list', NULL);
INSERT INTO public.sys_menu VALUES (49, 'taller1g4', 0, '', '1', 1, '2024-09-09 19:54:20.05674', NULL, '', '', 'iconfont icon-caidan');
INSERT INTO public.sys_menu VALUES (50, 'taller1g4m1', 49, '', '1', 1, '2024-09-09 19:56:43.482932', NULL, '', '', 'iconfont icon-caidan');
INSERT INTO public.sys_menu VALUES (51, 'taller1g4m2', 49, '', '1', 2, '2024-09-09 19:57:15.646945', NULL, '', '', 'iconfont icon-caidan');
INSERT INTO public.sys_menu VALUES (56, 'Detalles de Clientes', 47, '/modulo1/dclientes', '2', 2, '2024-10-18 19:51:27.619328', '2024-10-19 13:38:40.583284', 'modulo1/dclientes/index', 'taller1:list', 'iconfont icon-caidan');
INSERT INTO public.sys_menu VALUES (52, 'taller1g4m11', 50, '/m11', '2', 1, '2024-09-09 20:02:15.977231', '2024-09-09 20:07:06.373699', '/taller1g4//Index', '', 'iconfont icon-caidan');
INSERT INTO public.sys_menu VALUES (53, 'taller1g4b', 50, '/taller1g4/Index', '3', 2, '2024-09-09 20:09:30.910095', NULL, '/taller1g4//Index', 'taller1g4:list', 'iconfont icon-caidan');
INSERT INTO public.sys_menu VALUES (55, 'Listar Clientes', 54, '/clientes', '2', 1, '2024-09-16 00:40:07.30442', '2024-09-16 01:15:18.679235', 'clientes/index', '', 'iconfont icon-caidan');
INSERT INTO public.sys_menu VALUES (54, 'Cliente', 0, '', '1', 3, '2024-09-16 00:36:39.640309', '2024-09-16 16:01:29.862841', '', '', 'iconfont icon-caidan');
INSERT INTO public.sys_menu VALUES (45, 'Taller111', 42, '/taller1/Index', '2', 1, '2024-09-09 03:42:29.284274', '2024-09-09 11:28:34.127622', '/taller1/Index', 'taller1:list', '');
INSERT INTO public.sys_menu VALUES (46, 'Modulo1', 0, '', '1', 4, '2024-09-09 14:21:55.038421', '2024-10-04 14:45:44.531464', '', '', 'iconfont icon-caidan');
INSERT INTO public.sys_menu VALUES (47, 'Modulo1', 46, '/modulo1', '2', 1, '2024-09-09 14:26:13.930968', '2024-10-04 19:12:10.914679', 'modulo1/index', '', 'iconfont icon-caidan');
INSERT INTO public.sys_menu VALUES (48, 'Diez Mejores Pedidos', 47, '/modulo1', '2', 1, '2024-09-09 14:38:47.461528', '2024-10-18 19:46:29.098758', 'modulo1/index', 'taller1:list', 'iconfont icon-caidan');


--
-- TOC entry 4992 (class 0 OID 25205)
-- Dependencies: 248
-- Data for Name: sys_role; Type: TABLE DATA; Schema: public; Owner: postgres
--

INSERT INTO public.sys_role VALUES (1, 'ROLE_ADMIN', 'superadministrador', '2021-08-25 22:55:45', 'El único superadministrador del sistema, que puede operar cualquier función.', NULL);
INSERT INTO public.sys_role VALUES (3, 'ROLE_TEST', 'prueba', '2021-11-24 22:48:04', 'prueba', '2021-12-10 23:33:26');
INSERT INTO public.sys_role VALUES (2, 'ROLE_USER', 'usuario general', '2021-11-24 22:47:44', 'usuario general', '2024-09-02 20:11:52.377334');
INSERT INTO public.sys_role VALUES (5, 'ROLE_GPRUIEBA', 'GPrueba', '2024-09-08 03:00:47.158711', 'GPrueba Descripcion', '2024-09-08 03:01:01.905301');
INSERT INTO public.sys_role VALUES (6, 'ROLE_FUL', 'FUL', '2021-11-24 22:48:04', 'rol ful uajms', '2021-12-10 23:33:26');
INSERT INTO public.sys_role VALUES (8, 'ROLE_TALLER1G4-', 'ROLE_TALLER1G4-', '2024-09-09 19:46:01.297112', 'Rol de acceso al sistema para el grupo 4 de la materia de taller 1', '2024-09-09 19:46:19.465979');


--
-- TOC entry 4998 (class 0 OID 25217)
-- Dependencies: 254
-- Data for Name: sys_user; Type: TABLE DATA; Schema: public; Owner: postgres
--

INSERT INTO public.sys_user VALUES (1, '123@qq.com', 'admin', '$2a$10$mRg0FgMEWxi5d5NVdjiShOEb7yn3/ZnkidqAZOc0Kgw1IHtzE0F9q', '2023-01-01 00:19:38', true, 'superadministrador', NULL);
INSERT INTO public.sys_user VALUES (2, NULL, 'user', '$2a$10$b5mQxndMAYD3cOnqVyENHOFCRu7lgOY0etmNT5JRtX9RGz.Bkh.jC', '2021-12-16 21:51:15', true, 'usuario general', '2021-12-16 21:51:16');
INSERT INTO public.sys_user VALUES (5, NULL, 'prueba4', '$2a$10$q1Xt3e7/b2ZekQe/8sje8uy2v/zdL0O39FRWmW/gFoG6l/SBVwsiu', '2024-09-05 18:49:31.258576', true, 'prueba4', '2024-09-05 18:49:51.041069');
INSERT INTO public.sys_user VALUES (6, NULL, 'prueba7', '$2a$10$7F0MMouBrTmjVCXlM.SVBejRu5hRGbOzZ4xTQ7kv/ixh73LWmUv/y', '2024-09-06 00:49:48.961482', true, 'prueba7', '2024-09-06 00:57:10.493894');
INSERT INTO public.sys_user VALUES (3, NULL, 'test2', '$2a$10$EjKoqaTyrPpPAL7GYHH27.4iccEb4/J3NhQylM.SbeRCw59a5odRq', '2023-07-04 22:03:41', true, 'usuario de prueba', '2023-07-04 22:03:42');
INSERT INTO public.sys_user VALUES (4, NULL, 'prueba3', '$2a$10$KXLhwFtl5ikg6/TYr/G5cuCBJnn7UHFX5qKbq4FPbGIqrbmVO14oO', '2024-09-05 17:51:11.786792', true, 'prueba3', NULL);
INSERT INTO public.sys_user VALUES (7, NULL, 'prueba9', '$2a$10$B15ozowjxGjZPXfkM0DJdO6SxOg1/279h8YVoQYKUzl7WTpsyPeUq', '2024-09-08 02:12:10.452634', true, 'prueba9', '2024-09-09 04:00:33.634724');
INSERT INTO public.sys_user VALUES (8, NULL, 'prueba10', '$2a$10$JnMqJB9IgqcTFJM1diWKMOCaW5QqCN24bN6Bfei7Dwv5La80cOjmS', '2024-09-09 03:58:59.439933', true, 'prueba10', '2024-09-09 14:00:07.374749');
INSERT INTO public.sys_user VALUES (9, NULL, 'modulo1', '$2a$10$hrN/xd8BMTA3.gj9xhqgPecz5Kd8G1RvKvQUmf8pTccJzHS4V8u4S', '2024-09-09 13:42:29.470246', false, 'modulo1', '2024-11-04 15:25:42.468125');
INSERT INTO public.sys_user VALUES (10, NULL, 'taller1g4', '$2a$10$KXc0KiaQqihEdZPgTRyq0ui3BKI3eQ86ZP4mOIZCkJ2gFvlj7FKEW', '2024-09-09 19:34:59.474261', true, 'taller1g4', '2024-11-04 15:26:26.706009');

--
-- TOC entry 4994 (class 0 OID 25209)
-- Dependencies: 250
-- Data for Name: sys_role_menu; Type: TABLE DATA; Schema: public; Owner: postgres
--

INSERT INTO public.sys_role_menu VALUES (33, 2, 17, '2022-10-06 12:14:36', NULL);
INSERT INTO public.sys_role_menu VALUES (34, 2, 11, '2022-10-06 12:14:36', NULL);
INSERT INTO public.sys_role_menu VALUES (35, 2, 30, '2022-10-06 12:14:36', NULL);
INSERT INTO public.sys_role_menu VALUES (1, 3, 32, '2024-09-06 01:38:30.829976', NULL);
INSERT INTO public.sys_role_menu VALUES (2, 3, 17, '2024-09-06 01:38:30.83498', NULL);
INSERT INTO public.sys_role_menu VALUES (3, 3, 20, '2024-09-06 01:38:30.838982', NULL);
INSERT INTO public.sys_role_menu VALUES (4, 3, 11, '2024-09-06 01:38:30.842473', NULL);
INSERT INTO public.sys_role_menu VALUES (19, 8, 49, '2024-09-16 01:00:48.717224', NULL);
INSERT INTO public.sys_role_menu VALUES (20, 8, 50, '2024-09-16 01:00:48.723225', NULL);
INSERT INTO public.sys_role_menu VALUES (21, 8, 51, '2024-09-16 01:00:48.727228', NULL);
INSERT INTO public.sys_role_menu VALUES (22, 8, 52, '2024-09-16 01:00:48.731225', NULL);
INSERT INTO public.sys_role_menu VALUES (23, 8, 53, '2024-09-16 01:00:48.73723', NULL);
INSERT INTO public.sys_role_menu VALUES (24, 8, 54, '2024-09-16 01:00:48.745225', NULL);
INSERT INTO public.sys_role_menu VALUES (25, 8, 55, '2024-09-16 01:00:48.751223', NULL);


--
-- TOC entry 4996 (class 0 OID 25213)
-- Dependencies: 252
-- Data for Name: sys_role_user; Type: TABLE DATA; Schema: public; Owner: postgres
--

INSERT INTO public.sys_role_user VALUES (1, 1, 1, '2021-11-17 23:00:35', NULL);
INSERT INTO public.sys_role_user VALUES (21, 2, 2, '2021-12-16 21:51:05', NULL);
INSERT INTO public.sys_role_user VALUES (2, 5, 3, '2024-09-05 18:49:31.367577', NULL);
INSERT INTO public.sys_role_user VALUES (4, 6, 1, '2024-09-06 00:57:10.509892', NULL);
INSERT INTO public.sys_role_user VALUES (5, 6, 1, '2024-09-06 00:57:10.514894', NULL);
INSERT INTO public.sys_role_user VALUES (7, 7, 5, '2024-09-08 02:17:11.8453', NULL);
INSERT INTO public.sys_role_user VALUES (8, 8, 6, '2024-09-09 03:58:59.561933', NULL);
INSERT INTO public.sys_role_user VALUES (16, 9, 3, '2024-11-04 15:25:42.485794', NULL);
INSERT INTO public.sys_role_user VALUES (17, 10, 8, '2024-11-04 15:26:26.724822', NULL);



-- ACADEMICO--
-- =========================================================
-- 1) MODALIDAD (catálogos)  --> 2) DMODALIDAD (detalles)
-- =========================================================
INSERT INTO academico.modalidad (codm, nombre, estado) VALUES
  (1, 'PRESENCIAL', 1),
  (2, 'VIRTUAL', 1);

INSERT INTO academico.dmodalidad (coddm, nombre, estado, codm) VALUES
  (1, 'ORDINARIA', 1, 1),
  (2, 'EXTRAORDINARIA', 1, 2);

-- =========================================================
-- 3) ITEMS (componentes de evaluación)
-- =========================================================
-- Usamos codi explícito para poder referenciar luego en itemat y notas
INSERT INTO academico.items (codi, nombre, estado) VALUES
  (1, 'Parcial1', 1),
  (2, 'Parcial2', 1),
  (3, 'Proyecto', 1),
  (4, 'Final',    1);
-- =========================================================
-- 4) NIVELES (3 NIVELES)
-- =========================================================
INSERT INTO academico.niveles (codn, nombre, estado) VALUES
  (1, '1er año', 1),
  (2, '2do año', 1),
  (3, '3er año', 1);


-- =========================================================
-- 4.1) MATERIA (4 materias)
-- =========================================================
INSERT INTO academico.materia (codmat, nombre, codn, estado) VALUES
  ('MAT101', 'Matemática I', 1, 1),
  ('MAT102', 'Programación I', 1, 1),
  ('MAT103', 'Base de Datos', 2, 1),
  ('MAT104', 'Física I', 2, 1);

-- =========================================================
-- 5) PARALELO (dos paralelos por materia)
-- =========================================================
-- codp es SERIAL, pero asignamos 1 y 2 explícitamente para claridad
INSERT INTO academico.paralelo (codp, nombre, estado) VALUES
  (1, 'A', 1),
  (2, 'B', 1);

-- =========================================================
-- 6) MAPA (oferta materia-paralelo por gestión)
-- =========================================================
-- Gestión elegida: 2025
INSERT INTO academico.mapa (codmat, codpar, estado, gestion) VALUES
  ('MAT101', 1, 1, 2025),
  ('MAT101', 2, 1, 2025),
  ('MAT102', 1, 1, 2025),
  ('MAT102', 2, 1, 2025),
  ('MAT103', 1, 1, 2025),
  ('MAT103', 2, 1, 2025),
  ('MAT104', 1, 1, 2025),
  ('MAT104', 2, 1, 2025);

-- =========================================================
-- 7) PERSONAL (10 personas → 2 DOCENTE, 8 ESTUDIANTE)
--    idusuario referencia a public.sys_user(id)
-- =========================================================
INSERT INTO academico.personal
(idusuario, nombre, ap, am, estado, fnac, ecivil, genero, dir, telf, tipo, foto, create_time, update_time) VALUES
  (1,  'Ana',     'López',   'García', 1, '1985-03-10', 'Soltero', 'F', 'Calle 1',  '70000001', 'DOCENTE',    NULL, now(), now()),
  (2,  'Carlos',  'Pérez',   'Rojas',  1, '1982-07-22', 'Casado',  'M', 'Calle 2',  '70000002', 'DOCENTE',    NULL, now(), now()),
  (3,  'María',   'Suárez',  'Vega',   1, '2005-01-12', 'Soltero', 'F', 'Calle 3',  '70000003', 'ESTUDIANTE', NULL, now(), now()),
  (4,  'José',    'Torrez',  'Mamani', 1, '2004-11-05', 'Soltero', 'M', 'Calle 4',  '70000004', 'ESTUDIANTE', NULL, now(), now()),
  (5,  'Lucía',   'Romero',  'Paz',    1, '2005-05-18', 'Soltero', 'F', 'Calle 5',  '70000005', 'ESTUDIANTE', NULL, now(), now()),
  (6,  'Miguel',  'Flores',  'Nina',   1, '2004-08-09', 'Soltero', 'M', 'Calle 6',  '70000006', 'ESTUDIANTE', NULL, now(), now()),
  (7,  'Paola',   'Soto',    'Lara',   1, '2005-02-27', 'Soltero', 'F', 'Calle 7',  '70000007', 'ESTUDIANTE', NULL, now(), now()),
  (8,  'Diego',   'Vidal',   'Ríos',   1, '2004-03-30', 'Soltero', 'M', 'Calle 8',  '70000008', 'ESTUDIANTE', NULL, now(), now()),
  (9,  'Andrea',  'Quispe',  'Silva',  1, '2005-06-14', 'Soltero', 'F', 'Calle 9',  '70000009', 'ESTUDIANTE', NULL, now(), now()),
  (10, 'Sergio',  'Campos',  'Añez',   1, '2004-12-01', 'Soltero', 'M', 'Calle 10', '70000010', 'ESTUDIANTE', NULL, now(), now());

-- =========================================================
-- 8) DATOS (vincula a personal) - cédulas ficticias
-- =========================================================
INSERT INTO academico.datos (cod, cedula) VALUES
  (1,  10000001),
  (2,  10000002),
  (3,  10000003),
  (4,  10000004),
  (5,  10000005),
  (6,  10000006),
  (7,  10000007),
  (8,  10000008),
  (9,  10000009),
  (10, 10000010);

-- =========================================================
-- 9) GENERAL (metadatos por usuario/gestión)
-- =========================================================
INSERT INTO academico.general (ids, gestion, create_time, update_time) VALUES
  (1, 2025, now(), now()),
  (2, 2025, now(), now()),
  (3, 2025, now(), now()),
  (4, 2025, now(), now()),
  (5, 2025, now(), now()),
  (6, 2025, now(), now()),
  (7, 2025, now(), now()),
  (8, 2025, now(), now()),
  (9, 2025, now(), now()),
  (10,2025, now(), now());

-- =========================================================
-- 10) PROGRA (clases ofertadas en 2025)
--     PK: (codpar, codp, codmat, gestion)
--     Nota: usamos codp = 1 para esta cohorte.
--     ids = docente responsable (1 o 2)
-- =========================================================
INSERT INTO academico.progra (codpar, codp, codmat, gestion, ids) VALUES
  (1, 1, 'MAT101', 2025, 1),  -- MAT101 - Paralelo A - Docente 1
  (2, 1, 'MAT101', 2025, 1),  -- MAT101 - Paralelo B - Docente 1
  (1, 1, 'MAT102', 2025, 2),  -- MAT102 - Paralelo A - Docente 2
  (2, 1, 'MAT102', 2025, 2),  -- MAT102 - Paralelo B - Docente 2
  (1, 1, 'MAT103', 2025, 1),  -- MAT103 - A - Docente 1
  (2, 1, 'MAT103', 2025, 2),  -- MAT103 - B - Docente 2
  (1, 1, 'MAT104', 2025, 2),  -- MAT104 - A - Docente 2
  (2, 1, 'MAT104', 2025, 2);  -- MAT104 - B - Docente 2

-- =========================================================
-- 11) DICTA (quién dicta cada clase)
--     PK: (codpar, codp, codmat, gestion) + ids (FK a sys_user)
-- =========================================================
INSERT INTO academico.dicta (codpar, codp, codmat, gestion, ids) VALUES
  (1, 1, 'MAT101', 2025, 1),
  (2, 1, 'MAT101', 2025, 1),
  (1, 1, 'MAT102', 2025, 2),
  (2, 1, 'MAT102', 2025, 2),
  (1, 1, 'MAT103', 2025, 1),
  (2, 1, 'MAT103', 2025, 2),
  (1, 1, 'MAT104', 2025, 2),
  (2, 1, 'MAT104', 2025, 2);

-- =========================================================
-- 12) ITEMAT (ponderaciones por materia para 2025)
--     PK: (codmat, codi, gestion)
-- =========================================================
INSERT INTO academico.itemat (ponderacion, codmat, codi, estado, gestion) VALUES
  (25, 'MAT101', 1, 1, 2025),
  (25, 'MAT101', 2, 1, 2025),
  (20, 'MAT101', 3, 1, 2025),
  (30, 'MAT101', 4, 1, 2025),
  (25, 'MAT102', 1, 1, 2025),
  (25, 'MAT102', 2, 1, 2025),
  (20, 'MAT102', 3, 1, 2025),
  (30, 'MAT102', 4, 1, 2025),
  (25, 'MAT103', 1, 1, 2025),
  (25, 'MAT103', 2, 1, 2025),
  (20, 'MAT103', 3, 1, 2025),
  (30, 'MAT103', 4, 1, 2025),
  (25, 'MAT104', 1, 1, 2025),
  (25, 'MAT104', 2, 1, 2025),
  (20, 'MAT104', 3, 1, 2025),
  (30, 'MAT104', 4, 1, 2025);

-- =========================================================
-- 13) NOTAS (por estudiante, por item, por clase)
--     PK: (codmat, codi, coda, codp, gestion, idusuario)
--     coda = codpar (paralelo) de la clase
--     codp = 1 (mismo que en PROGRA)
--     codi ∈ {1=Parcial1, 2=Parcial2, 3=Proyecto, 4=Final}
--     coddm opcional: usamos 1 (ORDINARIA)
--     Estudiantes: IDs 3..10
--     Reglas de asignación de paralelos (ejemplo):
--       - Estud impar → paralelo A (1) en MAT101 y MAT103; B (2) en MAT102 y MAT104
--       - Estud par   → paralelo B (2) en MAT101 y MAT103; A (1) en MAT102 y MAT104
--     Notas de muestra: valores variados 60–95
-- =========================================================

-- Helper para generar bloque: (aquí están ya las filas)
-- MAT101
INSERT INTO academico.notas (codmat, codi, coda, codp, gestion, idusuario, nota, coddm) VALUES
-- Est. 3 A
('MAT101',1,1,1,2025,3,85,1),('MAT101',2,1,1,2025,3,82,1),('MAT101',3,1,1,2025,3,88,1),('MAT101',4,1,1,2025,3,90,1),
-- Est. 4 B
('MAT101',1,2,1,2025,4,78,1),('MAT101',2,2,1,2025,4,80,1),('MAT101',3,2,1,2025,4,75,1),('MAT101',4,2,1,2025,4,84,1),
-- Est. 5 A
('MAT101',1,1,1,2025,5,92,1),('MAT101',2,1,1,2025,5,90,1),('MAT101',3,1,1,2025,5,94,1),('MAT101',4,1,1,2025,5,93,1),
-- Est. 6 B
('MAT101',1,2,1,2025,6,70,1),('MAT101',2,2,1,2025,6,72,1),('MAT101',3,2,1,2025,6,68,1),('MAT101',4,2,1,2025,6,74,1),
-- Est. 7 A
('MAT101',1,1,1,2025,7,88,1),('MAT101',2,1,1,2025,7,86,1),('MAT101',3,1,1,2025,7,89,1),('MAT101',4,1,1,2025,7,91,1),
-- Est. 8 B
('MAT101',1,2,1,2025,8,76,1),('MAT101',2,2,1,2025,8,79,1),('MAT101',3,2,1,2025,8,74,1),('MAT101',4,2,1,2025,8,80,1),
-- Est. 9 A
('MAT101',1,1,1,2025,9,83,1),('MAT101',2,1,1,2025,9,85,1),('MAT101',3,1,1,2025,9,81,1),('MAT101',4,1,1,2025,9,87,1),
-- Est. 10 B
('MAT101',1,2,1,2025,10,69,1),('MAT101',2,2,1,2025,10,73,1),('MAT101',3,2,1,2025,10,71,1),('MAT101',4,2,1,2025,10,75,1);

-- MAT102
INSERT INTO academico.notas (codmat, codi, coda, codp, gestion, idusuario, nota, coddm) VALUES
-- Est. 3 B
('MAT102',1,2,1,2025,3,84,1),('MAT102',2,2,1,2025,3,82,1),('MAT102',3,2,1,2025,3,86,1),('MAT102',4,2,1,2025,3,88,1),
-- Est. 4 A
('MAT102',1,1,1,2025,4,79,1),('MAT102',2,1,1,2025,4,77,1),('MAT102',3,1,1,2025,4,81,1),('MAT102',4,1,1,2025,4,83,1),
-- Est. 5 B
('MAT102',1,2,1,2025,5,91,1),('MAT102',2,2,1,2025,5,90,1),('MAT102',3,2,1,2025,5,93,1),('MAT102',4,2,1,2025,5,92,1),
-- Est. 6 A
('MAT102',1,1,1,2025,6,71,1),('MAT102',2,1,1,2025,6,74,1),('MAT102',3,1,1,2025,6,70,1),('MAT102',4,1,1,2025,6,76,1),
-- Est. 7 B
('MAT102',1,2,1,2025,7,87,1),('MAT102',2,2,1,2025,7,85,1),('MAT102',3,2,1,2025,7,89,1),('MAT102',4,2,1,2025,7,90,1),
-- Est. 8 A
('MAT102',1,1,1,2025,8,78,1),('MAT102',2,1,1,2025,8,80,1),('MAT102',3,1,1,2025,8,77,1),('MAT102',4,1,1,2025,8,82,1),
-- Est. 9 B
('MAT102',1,2,1,2025,9,82,1),('MAT102',2,2,1,2025,9,84,1),('MAT102',3,2,1,2025,9,80,1),('MAT102',4,2,1,2025,9,86,1),
-- Est. 10 A
('MAT102',1,1,1,2025,10,70,1),('MAT102',2,1,1,2025,10,72,1),('MAT102',3,1,1,2025,10,73,1),('MAT102',4,1,1,2025,10,75,1);

-- MAT103
INSERT INTO academico.notas (codmat, codi, coda, codp, gestion, idusuario, nota, coddm) VALUES
-- Est. 3 A
('MAT103',1,1,1,2025,3,86,1),('MAT103',2,1,1,2025,3,84,1),('MAT103',3,1,1,2025,3,88,1),('MAT103',4,1,1,2025,3,90,1),
-- Est. 4 B
('MAT103',1,2,1,2025,4,77,1),('MAT103',2,2,1,2025,4,79,1),('MAT103',3,2,1,2025,4,75,1),('MAT103',4,2,1,2025,4,83,1),
-- Est. 5 A
('MAT103',1,1,1,2025,5,93,1),('MAT103',2,1,1,2025,5,92,1),('MAT103',3,1,1,2025,5,95,1),('MAT103',4,1,1,2025,5,94,1),
-- Est. 6 B
('MAT103',1,2,1,2025,6,73,1),('MAT103',2,2,1,2025,6,71,1),('MAT103',3,2,1,2025,6,74,1),('MAT103',4,2,1,2025,6,76,1),
-- Est. 7 A
('MAT103',1,1,1,2025,7,89,1),('MAT103',2,1,1,2025,7,88,1),('MAT103',3,1,1,2025,7,90,1),('MAT103',4,1,1,2025,7,92,1),
-- Est. 8 B
('MAT103',1,2,1,2025,8,75,1),('MAT103',2,2,1,2025,8,78,1),('MAT103',3,2,1,2025,8,74,1),('MAT103',4,2,1,2025,8,80,1),
-- Est. 9 A
('MAT103',1,1,1,2025,9,84,1),('MAT103',2,1,1,2025,9,86,1),('MAT103',3,1,1,2025,9,82,1),('MAT103',4,1,1,2025,9,88,1),
-- Est. 10 B
('MAT103',1,2,1,2025,10,72,1),('MAT103',2,2,1,2025,10,74,1),('MAT103',3,2,1,2025,10,70,1),('MAT103',4,2,1,2025,10,76,1);

-- MAT104
INSERT INTO academico.notas (codmat, codi, coda, codp, gestion, idusuario, nota, coddm) VALUES
-- Est. 3 B
('MAT104',1,2,1,2025,3,83,1),('MAT104',2,2,1,2025,3,81,1),('MAT104',3,2,1,2025,3,85,1),('MAT104',4,2,1,2025,3,87,1),
-- Est. 4 A
('MAT104',1,1,1,2025,4,76,1),('MAT104',2,1,1,2025,4,78,1),('MAT104',3,1,1,2025,4,74,1),('MAT104',4,1,1,2025,4,82,1),
-- Est. 5 B
('MAT104',1,2,1,2025,5,92,1),('MAT104',2,2,1,2025,5,91,1),('MAT104',3,2,1,2025,5,94,1),('MAT104',4,2,1,2025,5,93,1),
-- Est. 6 A
('MAT104',1,1,1,2025,6,72,1),('MAT104',2,1,1,2025,6,74,1),('MAT104',3,1,1,2025,6,70,1),('MAT104',4,1,1,2025,6,75,1),
-- Est. 7 B
('MAT104',1,2,1,2025,7,86,1),('MAT104',2,2,1,2025,7,84,1),('MAT104',3,2,1,2025,7,88,1),('MAT104',4,2,1,2025,7,89,1),
-- Est. 8 A
('MAT104',1,1,1,2025,8,79,1),('MAT104',2,1,1,2025,8,81,1),('MAT104',3,1,1,2025,8,78,1),('MAT104',4,1,1,2025,8,83,1),
-- Est. 9 B
('MAT104',1,2,1,2025,9,82,1),('MAT104',2,2,1,2025,9,84,1),('MAT104',3,2,1,2025,9,80,1),('MAT104',4,2,1,2025,9,86,1),
-- Est. 10 A
('MAT104',1,1,1,2025,10,71,1),('MAT104',2,1,1,2025,10,73,1),('MAT104',3,1,1,2025,10,74,1),('MAT104',4,1,1,2025,10,76,1);
